"1","3","2012-05-16 08:21:51","chunk_update","modChunk","41"
"2","3","2012-05-16 11:29:39","snippet_update","modSnippet","72"
"3","3","2012-05-16 12:23:08","chunk_update","modChunk","9"
"4","3","2012-05-16 13:22:53","chunk_update","modChunk","9"
"5","3","2012-05-16 13:30:05","chunk_update","modChunk","77"
"6","3","2012-05-16 13:30:36","chunk_update","modChunk","75"
"7","3","2012-05-16 13:41:09","snippet_update","modSnippet","73"
"8","3","2012-05-16 13:45:30","chunk_update","modChunk","77"
"9","3","2012-05-16 13:50:13","chunk_update","modChunk","77"
"10","3","2012-05-16 13:54:03","chunk_update","modChunk","77"
"11","3","2012-05-16 13:55:28","chunk_update","modChunk","77"
"12","3","2012-05-16 13:56:27","chunk_update","modChunk","77"
"13","3","2012-05-16 13:57:20","chunk_update","modChunk","77"
"14","3","2012-05-16 13:58:16","chunk_update","modChunk","77"
"15","3","2012-05-16 14:00:14","chunk_update","modChunk","77"
"16","3","2012-05-16 14:00:38","chunk_update","modChunk","77"
"17","3","2012-05-16 14:01:26","chunk_update","modChunk","77"
"18","3","2012-05-16 14:02:55","chunk_update","modChunk","77"
"19","3","2012-05-16 14:03:31","chunk_update","modChunk","77"
"20","3","2012-05-16 14:03:52","chunk_update","modChunk","77"
"21","3","2012-05-16 14:04:29","chunk_update","modChunk","77"
"22","3","2012-05-16 14:04:48","chunk_update","modChunk","77"
"23","3","2012-05-16 14:05:25","chunk_update","modChunk","77"
"24","3","2012-05-16 14:06:28","chunk_update","modChunk","77"
"25","3","2012-05-16 14:07:01","chunk_update","modChunk","77"
"26","3","2012-05-16 14:08:58","chunk_update","modChunk","77"
"27","3","2012-05-16 14:09:26","chunk_update","modChunk","77"
"28","3","2012-05-16 14:13:41","snippet_update","modSnippet","72"
"29","1","2012-05-16 15:57:59","chunk_update","modChunk","42"
"30","1","2012-05-16 15:58:25","chunk_update","modChunk","42"
"31","1","2012-05-16 16:12:07","chunk_update","modChunk","28"
"32","1","2012-05-16 16:13:59","chunk_update","modChunk","28"
"33","1","2012-05-16 16:17:55","chunk_update","modChunk","39"
"34","1","2012-05-16 16:18:19","chunk_update","modChunk","117"
"35","1","2012-05-16 16:21:11","file_update",,"/home/wwwthewe/public_html/assets/templates/wedding/styles/main.css"
"36","1","2012-05-16 16:24:43","chunk_duplicate","modChunk","202"
"37","1","2012-05-16 16:25:36","chunk_update","modChunk","202"
"38","1","2012-05-16 16:26:19","chunk_update","modChunk","9"
"39","1","2012-05-16 16:56:18","chunk_update","modChunk","9"
"40","1","2012-05-16 16:57:34","chunk_update","modChunk","202"
"41","1","2012-05-16 16:58:01","file_update",,"/home/wwwthewe/public_html/assets/templates/wedding/styles/main.css"
"42","1","2012-05-16 16:59:38","chunk_update","modChunk","202"
"43","1","2012-05-16 17:04:01","file_update",,"/home/wwwthewe/public_html/assets/templates/wedding/styles/main.css"
"44","1","2012-05-16 17:04:48","chunk_update","modChunk","132"
"45","1","2012-05-16 17:05:08","chunk_update","modChunk","132"
"46","1","2012-05-16 17:05:44","chunk_update","modChunk","132"
"47","1","2012-05-16 17:20:07","file_update",,"/home/wwwthewe/public_html/assets/templates/wedding/styles/main.css"
"48","3","2012-05-17 11:25:26","chunk_update","modChunk","77"
"49","3","2012-05-17 13:23:10","chunk_update","modChunk","77"
"50","3","2012-05-17 13:30:33","snippet_update","modSnippet","79"
"51","3","2012-05-17 13:33:37","snippet_update","modSnippet","79"
"52","3","2012-05-17 13:43:45","snippet_update","modSnippet","72"
"53","3","2012-05-17 13:46:47","snippet_update","modSnippet","72"
"54","3","2012-05-17 13:52:00","snippet_update","modSnippet","72"
"55","3","2012-05-17 14:00:22","chunk_update","modChunk","77"
"56","3","2012-05-17 14:07:14","snippet_update","modSnippet","72"
"57","3","2012-05-17 14:08:17","snippet_update","modSnippet","72"
"58","3","2012-05-17 14:11:38","snippet_update","modSnippet","72"
"59","3","2012-05-17 14:13:52","snippet_update","modSnippet","79"
"60","3","2012-05-17 14:14:07","snippet_update","modSnippet","79"
"61","3","2012-05-17 14:14:31","snippet_update","modSnippet","79"
"62","3","2012-05-17 14:15:44","snippet_update","modSnippet","79"
"63","3","2012-05-17 14:16:27","snippet_update","modSnippet","79"
"64","3","2012-05-17 14:17:20","snippet_update","modSnippet","79"
"65","3","2012-05-17 14:19:29","snippet_update","modSnippet","79"
"66","3","2012-05-17 14:19:54","snippet_update","modSnippet","79"
"67","3","2012-05-17 14:20:21","snippet_update","modSnippet","79"
"68","3","2012-05-17 14:21:49","snippet_update","modSnippet","79"
"69","3","2012-05-17 14:24:18","snippet_update","modSnippet","79"
"70","3","2012-05-17 14:24:45","snippet_update","modSnippet","79"
"71","3","2012-05-17 14:25:49","snippet_update","modSnippet","79"
"72","3","2012-05-17 14:36:45","snippet_update","modSnippet","79"
"73","3","2012-05-17 14:38:12","chunk_update","modChunk","77"
"74","3","2012-05-17 14:39:28","snippet_update","modSnippet","79"
"75","3","2012-05-17 14:39:33","snippet_update","modSnippet","79"
"76","3","2012-05-17 14:42:48","snippet_update","modSnippet","79"
"77","3","2012-05-18 07:54:13","snippet_update","modSnippet","182"
"78","3","2012-05-18 07:57:19","snippet_update","modSnippet","182"
"79","3","2012-05-18 07:58:02","user_update","modUser","150"
"80","3","2012-05-18 07:59:49","snippet_update","modSnippet","182"
"81","3","2012-05-18 08:04:51","snippet_update","modSnippet","182"
"82","3","2012-05-18 14:16:37","snippet_update","modSnippet","182"
"83","3","2012-05-18 14:21:11","snippet_update","modSnippet","182"
"84","3","2012-05-18 14:22:48","snippet_update","modSnippet","182"
"85","3","2012-05-18 14:44:00","snippet_update","modSnippet","146"
"86","3","2012-05-18 14:44:27","snippet_update","modSnippet","146"
"87","3","2012-05-18 14:50:39","snippet_update","modSnippet","145"
"88","3","2012-05-18 14:50:46","snippet_update","modSnippet","145"
"89","3","2012-05-18 14:57:11","snippet_update","modSnippet","44"
"90","3","2012-05-18 14:57:18","snippet_update","modSnippet","44"
"91","3","2012-05-18 15:03:20","snippet_update","modSnippet","45"
"92","3","2012-05-18 15:03:32","snippet_update","modSnippet","45"
"93","1","2012-05-18 16:52:04","chunk_update","modChunk","42"
"94","1","2012-05-18 16:56:07","chunk_update","modChunk","42"
"95","1","2012-05-18 16:57:26","chunk_update","modChunk","42"
"96","1","2012-05-18 16:58:33","file_update",,"/home/wwwthewe/public_html/assets/templates/wedding/styles/jquery-ui-1.8.11.custom.css"
"97","1","2012-05-18 17:00:11","chunk_update","modChunk","42"
"98","1","2012-05-18 17:01:45","chunk_update","modChunk","42"
"99","1","2012-05-18 17:01:58","chunk_update","modChunk","42"
"100","1","2012-05-18 17:03:08","chunk_update","modChunk","43"
"101","1","2012-05-18 17:04:13","chunk_update","modChunk","188"
"102","1","2012-05-18 17:07:28","chunk_update","modChunk","188"
"103","1","2012-05-18 17:08:33","chunk_update","modChunk","188"
"104","1","2012-05-18 17:09:54","chunk_update","modChunk","188"
"105","1","2012-05-18 17:10:34","chunk_update","modChunk","188"
"106","1","2012-05-18 17:14:36","chunk_update","modChunk","188"
"107","1","2012-05-18 17:15:36","chunk_update","modChunk","188"
"108","1","2012-05-18 17:17:12","chunk_update","modChunk","188"
"109","1","2012-05-19 11:12:07","chunk_update","modChunk","188"
"110","1","2012-05-19 11:12:31","chunk_update","modChunk","188"
"111","1","2012-05-19 11:16:10","file_update",,"/home/wwwthewe/public_html/assets/templates/wedding/styles/main.css"
"112","1","2012-05-19 11:20:07","template_update","modTemplate","6"
"113","1","2012-05-19 11:27:06","file_update",,"/home/wwwthewe/public_html/assets/templates/wedding/styles/main.css"
"114","1","2012-05-19 12:00:30","file_update",,"/home/wwwthewe/public_html/assets/templates/wedding/styles/ie7.css"
"115","1","2012-05-19 12:00:58","file_update",,"/home/wwwthewe/public_html/assets/templates/wedding/styles/ie7.css"
"116","1","2012-05-19 12:01:40","file_update",,"/home/wwwthewe/public_html/assets/templates/wedding/styles/ie7.css"
"117","1","2012-05-19 12:03:57","file_update",,"/home/wwwthewe/public_html/assets/templates/wedding/styles/ie7.css"
"118","1","2012-05-19 12:08:26","template_update","modTemplate","1"
"119","1","2012-05-19 12:10:54","file_update",,"/home/wwwthewe/public_html/assets/templates/wedding/styles/main.css"
"120","1","2012-05-19 12:15:06","file_update",,"/home/wwwthewe/public_html/assets/templates/wedding/styles/main.css"
"121","1","2012-05-19 12:15:47","save_resource","modResource","21"
"122","1","2012-05-19 12:17:00","file_update",,"/home/wwwthewe/public_html/assets/templates/wedding/styles/main.css"
"123","1","2012-05-19 12:17:59","file_update",,"/home/wwwthewe/public_html/assets/templates/wedding/styles/main.css"
"124","1","2012-05-19 12:20:32","save_resource","modResource","21"
"125","1","2012-05-19 12:22:01","file_update",,"/home/wwwthewe/public_html/assets/templates/wedding/styles/main.css"
"126","1","2012-05-19 12:22:55","file_update",,"/home/wwwthewe/public_html/assets/templates/wedding/styles/main.css"
"127","1","2012-05-19 12:23:28","file_update",,"/home/wwwthewe/public_html/assets/templates/wedding/styles/main.css"
"128","1","2012-05-19 12:23:40","file_update",,"/home/wwwthewe/public_html/assets/templates/wedding/styles/main.css"
"129","1","2012-05-19 12:24:08","file_update",,"/home/wwwthewe/public_html/assets/templates/wedding/styles/main.css"
"130","1","2012-05-19 12:24:50","file_update",,"/home/wwwthewe/public_html/assets/templates/wedding/styles/ie7.css"
"131","1","2012-05-19 12:25:11","file_update",,"/home/wwwthewe/public_html/assets/templates/wedding/styles/ie7.css"
"132","1","2012-05-19 12:25:19","file_update",,"/home/wwwthewe/public_html/assets/templates/wedding/styles/ie7.css"
"133","1","2012-05-19 12:25:39","file_update",,"/home/wwwthewe/public_html/assets/templates/wedding/styles/ie7.css"
"134","1","2012-05-19 14:38:14","save_resource","modResource","21"
"135","1","2012-05-19 14:44:13","save_resource","modResource","21"
"136","1","2012-05-19 14:55:18","save_resource","modResource","7"
"137","1","2012-05-19 15:05:06","save_resource","modResource","7"
"138","1","2012-05-19 15:06:48","chunk_update","modChunk","9"
"139","1","2012-05-19 15:07:04","chunk_update","modChunk","9"
"140","1","2012-05-19 15:21:09","file_update",,"/home/wwwthewe/public_html/assets/templates/wedding/styles/main.css"
"141","1","2012-05-19 17:16:10","template_update","modTemplate","6"
"142","1","2012-05-19 17:16:26","template_update","modTemplate","6"
"143","1","2012-05-19 17:16:54","template_update","modTemplate","6"
"144","1","2012-05-19 17:17:22","template_update","modTemplate","6"
"145","1","2012-05-19 17:19:19","chunk_update","modChunk","44"
"146","1","2012-05-19 17:19:45","chunk_update","modChunk","44"
"147","1","2012-05-19 17:20:14","chunk_update","modChunk","44"
"148","1","2012-05-19 17:20:40","chunk_update","modChunk","44"
"149","1","2012-05-19 18:53:06","chunk_update","modChunk","68"
"150","1","2012-05-19 18:55:35","chunk_update","modChunk","57"
"151","1","2012-05-19 19:00:11","chunk_update","modChunk","64"
"152","1","2012-05-19 19:04:46","chunk_update","modChunk","49"
"153","1","2012-05-19 19:30:58","chunk_update","modChunk","98"
"154","1","2012-05-19 19:37:05","chunk_update","modChunk","49"
"155","1","2012-05-19 20:06:46","chunk_update","modChunk","152"
"156","1","2012-05-19 20:07:06","chunk_update","modChunk","152"
"157","1","2012-05-19 20:08:34","chunk_update","modChunk","153"
"158","1","2012-05-19 20:17:16","chunk_update","modChunk","159"
"159","1","2012-05-19 20:21:25","chunk_update","modChunk","159"
"160","1","2012-05-19 20:31:39","chunk_update","modChunk","159"
"161","1","2012-05-19 20:34:59","chunk_update","modChunk","159"
"162","1","2012-05-19 20:35:30","chunk_update","modChunk","158"
"163","1","2012-05-19 20:38:51","chunk_update","modChunk","199"
"164","1","2012-05-19 20:55:30","chunk_update","modChunk","166"
"165","1","2012-05-19 21:04:07","chunk_update","modChunk","167"
"166","1","2012-05-19 21:04:48","chunk_update","modChunk","167"
"167","1","2012-05-19 21:05:42","chunk_update","modChunk","167"
"168","1","2012-05-19 21:06:22","chunk_update","modChunk","167"
"169","1","2012-05-19 21:08:58","file_update",,"/home/wwwthewe/public_html/assets/templates/wedding/wed-themes/wed-paper/main.css"
"170","1","2012-05-19 21:39:02","file_update",,"/home/wwwthewe/public_html/assets/templates/wedding/wed-themes/wed-paper/main.css"
"171","1","2012-05-19 21:39:20","file_update",,"/home/wwwthewe/public_html/assets/templates/wedding/wed-themes/wed-paper/main.css"
"172","1","2012-05-19 21:41:27","file_update",,"/home/wwwthewe/public_html/assets/components/quip/css/web.css"
"173","1","2012-05-19 21:44:19","chunk_update","modChunk","180"
"174","1","2012-05-19 21:51:01","file_update",,"/home/wwwthewe/public_html/assets/templates/wedding/wed-themes/wed-paper/main.css"
"175","1","2012-05-19 21:51:28","file_update",,"/home/wwwthewe/public_html/assets/templates/wedding/wed-themes/wed-paper/main.css"
"176","1","2012-05-19 21:51:55","file_update",,"/home/wwwthewe/public_html/assets/templates/wedding/wed-themes/wed-paper/main.css"
"177","1","2012-05-19 21:52:08","file_update",,"/home/wwwthewe/public_html/assets/templates/wedding/wed-themes/wed-paper/main.css"
"178","1","2012-05-19 21:52:30","file_update",,"/home/wwwthewe/public_html/assets/templates/wedding/wed-themes/wed-paper/main.css"
"179","1","2012-05-19 21:53:00","file_update",,"/home/wwwthewe/public_html/assets/templates/wedding/wed-themes/wed-paper/main.css"
"180","1","2012-05-19 21:53:11","file_update",,"/home/wwwthewe/public_html/assets/templates/wedding/wed-themes/wed-paper/main.css"
"181","1","2012-05-19 21:54:26","chunk_update","modChunk","180"
"182","1","2012-05-19 21:55:34","file_update",,"/home/wwwthewe/public_html/assets/templates/wedding/wed-themes/wed-paper/main.css"
"183","1","2012-05-19 22:05:31","chunk_update","modChunk","149"
"184","1","2012-05-19 22:07:21","chunk_update","modChunk","149"
"185","1","2012-05-19 22:10:11","chunk_update","modChunk","189"
"186","1","2012-05-19 22:26:05","chunk_update","modChunk","150"
"187","1","2012-05-19 22:39:12","chunk_update","modChunk","149"
"188","1","2012-05-19 22:39:40","chunk_update","modChunk","149"
"189","3","2012-05-21 07:55:20","snippet_update","modSnippet","90"
"190","3","2012-05-21 07:55:29","snippet_update","modSnippet","90"
"191","3","2012-05-21 08:05:00","snippet_update","modSnippet","89"
"192","3","2012-05-21 08:05:24","snippet_update","modSnippet","89"
"193","3","2012-05-21 08:08:42","snippet_update","modSnippet","105"
"194","3","2012-05-21 08:08:50","snippet_update","modSnippet","105"
"195","1","2012-05-21 11:00:24","file_update",,"/home/wwwthewe/public_html/assets/templates/wedding/styles/main.css"
"196","1","2012-05-21 11:06:11","chunk_update","modChunk","18"
"197","1","2012-05-21 11:07:13","chunk_update","modChunk","18"
"198","1","2012-05-21 11:09:20","chunk_update","modChunk","9"
"199","1","2012-05-21 11:09:46","chunk_update","modChunk","9"
"200","1","2012-05-21 11:10:14","chunk_update","modChunk","9"
"201","1","2012-05-21 11:11:11","chunk_update","modChunk","9"
"202","1","2012-05-21 11:11:53","chunk_update","modChunk","9"
"203","1","2012-05-21 11:13:03","chunk_update","modChunk","18"
"204","3","2012-05-21 12:48:10","snippet_update","modSnippet","130"
"205","3","2012-05-21 12:52:57","snippet_update","modSnippet","111"
"206","3","2012-05-21 12:53:05","snippet_update","modSnippet","111"
"207","3","2012-05-21 12:55:07","snippet_update","modSnippet","106"
"208","3","2012-05-21 12:55:18","snippet_update","modSnippet","106"
"209","3","2012-05-21 12:56:47","snippet_update","modSnippet","107"
"210","3","2012-05-21 12:57:44","snippet_update","modSnippet","107"
"211","3","2012-05-21 12:58:21","snippet_update","modSnippet","107"
"212","3","2012-05-21 13:08:05","snippet_update","modSnippet","119"
"213","3","2012-05-21 13:08:10","snippet_update","modSnippet","119"
"214","3","2012-05-21 13:11:08","snippet_update","modSnippet","150"
"215","3","2012-05-21 13:11:40","snippet_update","modSnippet","150"
"216","3","2012-05-21 13:40:08","snippet_update","modSnippet","101"
"217","3","2012-05-21 13:42:43","snippet_update","modSnippet","142"
"218","3","2012-05-21 13:42:48","snippet_update","modSnippet","142"
"219","3","2012-05-21 13:47:11","snippet_update","modSnippet","65"
"220","3","2012-05-21 13:51:49","snippet_update","modSnippet","61"
"221","3","2012-05-21 13:51:58","snippet_update","modSnippet","61"
"222","3","2012-05-21 13:54:05","snippet_update","modSnippet","60"
"223","3","2012-05-21 13:54:13","snippet_update","modSnippet","60"
"224","3","2012-05-21 14:09:39","snippet_update","modSnippet","133"
"225","3","2012-05-21 14:14:06","snippet_update","modSnippet","70"
"226","3","2012-05-21 14:14:20","snippet_update","modSnippet","70"
"227","1","2012-05-21 14:43:03","file_update",,"/home/wwwthewe/public_html/assets/templates/wedding/styles/main.css"
"228","1","2012-05-21 14:45:01","file_update",,"/home/wwwthewe/public_html/assets/templates/wedding/styles/main.css"
"229","1","2012-05-21 14:47:45","save_resource","modDocument","1933"
"230","1","2012-05-21 14:54:13","save_resource","modResource","1933"
"231","1","2012-05-21 14:54:30","save_resource","modResource","1933"
"232","1","2012-05-21 14:55:18","save_resource","modResource","1933"
"233","1","2012-05-21 14:56:50","save_resource","modResource","1933"
"234","3","2012-05-21 15:17:15","snippet_update","modSnippet","59"
"235","3","2012-05-21 15:17:56","snippet_update","modSnippet","59"
"236","3","2012-05-21 15:18:59","snippet_update","modSnippet","158"
"237","1","2012-05-21 17:20:20","template_create","modTemplate","43"
"238","1","2012-05-21 17:21:27","template_update","modTemplate","43"
"239","1","2012-05-21 17:21:50","save_resource","modResource","1933"
"240","1","2012-05-21 17:26:00","template_update","modTemplate","43"
"241","1","2012-05-21 17:26:46","template_update","modTemplate","43"
"242","1","2012-05-21 17:27:04","template_update","modTemplate","43"
"243","1","2012-05-21 17:27:53","save_resource","modResource","1933"
"244","1","2012-05-21 17:28:05","save_resource","modResource","1933"
"245","1","2012-05-21 17:29:29","template_update","modTemplate","43"
"246","1","2012-05-21 17:30:13","save_resource","modResource","1933"
"247","1","2012-05-21 17:34:38","save_resource","modResource","1933"
"248","3","2012-05-22 09:39:41","snippet_update","modSnippet","57"
"249","3","2012-05-22 09:39:56","snippet_update","modSnippet","57"
"250","3","2012-05-22 09:45:02","snippet_update","modSnippet","58"
"251","3","2012-05-22 09:45:11","snippet_update","modSnippet","58"
"252","3","2012-05-22 09:45:41","snippet_update","modSnippet","57"
"253","3","2012-05-22 09:49:40","snippet_update","modSnippet","54"
"254","3","2012-05-22 09:49:46","snippet_update","modSnippet","54"
"255","3","2012-05-22 09:53:58","snippet_update","modSnippet","53"
"256","3","2012-05-22 11:07:31","snippet_update","modSnippet","85"
"257","3","2012-05-22 11:11:45","snippet_update","modSnippet","135"
"258","3","2012-05-22 11:17:29","snippet_update","modSnippet","104"
"259","3","2012-05-22 11:19:42","snippet_update","modSnippet","167"
"260","3","2012-05-22 11:23:37","snippet_update","modSnippet","52"
"261","3","2012-05-22 11:25:47","snippet_update","modSnippet","49"
"262","3","2012-05-22 11:27:59","snippet_update","modSnippet","50"
"263","3","2012-05-22 11:28:38","snippet_update","modSnippet","50"
"264","3","2012-05-22 11:30:55","snippet_update","modSnippet","51"
"265","3","2012-05-22 11:34:28","snippet_update","modSnippet","183"
